Workbook

Sheet Project Targets
A1: LIGHTHOUSE LUXURY | PROJECT-WISE SALES & LEAD TARGETS
A2: Targets based on MVT.xlsx | Sales targets and ticket sizes retained; channel mix standardized to WhatsApp 10%, ConvoAI 30%, Digital 60%.
A3: SALES & REVENUE TARGETS | G3: WALK-IN & LEAD TARGETS | K3: LEAD ALLOCATION BY CHANNEL
A4: Project / Retail Location | B4: Sourcing Manager (SM) | C4: Sales Units Target | D4: Approx. Ticket Size (₹) | E4: Total Sales Value (₹) | F4: Revenue Target @ 2% (₹) | G4: Walk-ins Target | H4: Self-Generated / Reference Leads (20%) | I4: Allocated Walk-in Leads (80%) | J4: Qualified Leads Required | K4: WhatsApp Leads (10%) | L4: ConvoAI Leads (30%) | M4: Digital Leads (60%) | N4: Meta Leads (60% of Digital) | O4: Website Leads (40% of Digital)
A5: Khar Santa | B5: Varun J | C5: 6 | D5: 150000000 | E5: =C5*D5 -> 900000000 | F5: =E5*2% -> 18000000 | G5: 40 | H5: 8 | I5: 32 | J5: 160 | K5: =ROUND(J5*10%,0) -> 16 | L5: =ROUND(J5*30%,0) -> 48 | M5: =J5-K5-L5 -> 96 | N5: =ROUND(M5*60%,0) -> 58 | O5: =M5-N5 -> 38
A6: Bandra West | B6: Varun J | C6: 6 | D6: 150000000 | E6: =C6*D6 -> 900000000 | F6: =E6*2% -> 18000000 | G6: 40 | H6: 8 | I6: 32 | J6: 160 | K6: =ROUND(J6*10%,0) -> 16 | L6: =ROUND(J6*30%,0) -> 48 | M6: =J6-K6-L6 -> 96 | N6: =ROUND(M6*60%,0) -> 58 | O6: =M6-N6 -> 38
A7: Bandra Bay | B7: Dheeraj | C7: 8 | D7: 250000000 | E7: =C7*D7 -> 2000000000 | F7: =E7*2% -> 40000000 | G7: 53 | H7: 11 | I7: 43 | J7: 213 | K7: =ROUND(J7*10%,0) -> 21 | L7: =ROUND(J7*30%,0) -> 64 | M7: =J7-K7-L7 -> 128 | N7: =ROUND(M7*60%,0) -> 77 | O7: =M7-N7 -> 51
A8: Worli | B8: Dhara | C8: 4 | D8: 250000000 | E8: =C8*D8 -> 1000000000 | F8: =E8*2% -> 20000000 | G8: 27 | H8: 5 | I8: 21 | J8: 107 | K8: =ROUND(J8*10%,0) -> 11 | L8: =ROUND(J8*30%,0) -> 32 | M8: =J8-K8-L8 -> 64 | N8: =ROUND(M8*60%,0) -> 38 | O8: =M8-N8 -> 26
A9: Lower Parel | B9: Dhara | C9: 4 | D9: 250000000 | E9: =C9*D9 -> 1000000000 | F9: =E9*2% -> 20000000 | G9: 27 | H9: 5 | I9: 21 | J9: 107 | K9: =ROUND(J9*10%,0) -> 11 | L9: =ROUND(J9*30%,0) -> 32 | M9: =J9-K9-L9 -> 64 | N9: =ROUND(M9*60%,0) -> 38 | O9: =M9-N9 -> 26
A10: SOBO | B10: Dhara | C10: 4 | D10: 250000000 | E10: =C10*D10 -> 1000000000 | F10: =E10*2% -> 20000000 | G10: 27 | H10: 5 | I10: 21 | J10: 107 | K10: =ROUND(J10*10%,0) -> 11 | L10: =ROUND(J10*30%,0) -> 32 | M10: =J10-K10-L10 -> 64 | N10: =ROUND(M10*60%,0) -> 38 | O10: =M10-N10 -> 26
A11: Versova | B11: Mohit D | C11: 5 | D11: 200000000 | E11: =C11*D11 -> 1000000000 | F11: =E11*2% -> 20000000 | G11: 33 | H11: 7 | I11: 27 | J11: 133 | K11: =ROUND(J11*10%,0) -> 13 | L11: =ROUND(J11*30%,0) -> 40 | M11: =J11-K11-L11 -> 80 | N11: =ROUND(M11*60%,0) -> 48 | O11: =M11-N11 -> 32
A12: Juhu | B12: Mohit D | C12: 4 | D12: 150000000 | E12: =C12*D12 -> 600000000 | F12: =E12*2% -> 12000000 | G12: 27 | H12: 5 | I12: 21 | J12: 107 | K12: =ROUND(J12*10%,0) -> 11 | L12: =ROUND(J12*30%,0) -> 32 | M12: =J12-K12-L12 -> 64 | N12: =ROUND(M12*60%,0) -> 38 | O12: =M12-N12 -> 26
A13: TOTAL | C13: =SUM(C5:C12) -> 41 | D13: =SUM(D5:D12) -> 1650000000 | E13: =SUM(E5:E12) -> 8400000000 | F13: =SUM(F5:F12) -> 168000000 | G13: =SUM(G5:G12) -> 274 | H13: =SUM(H5:H12) -> 54 | I13: =SUM(I5:I12) -> 218 | J13: =SUM(J5:J12) -> 1094 | ... O13: =SUM(O5:O12) -> 263
A15: TARGET TRACKING RULES
A16: 1. Sales Value = Sales Units Target × Approximate Ticket Size.
A17: 2. Revenue Target is calculated at 2% of sales value, as specified in MVT.xlsx.
A18: 3. Lead channel mix is standardized to WhatsApp 10%, ConvoAI 30%, and Digital 60% of qualified leads. Digital is split 60% Meta and 40% Website.
A19: 4. Walk-in reference split and qualified-lead requirements are retained from MVT.xlsx. Rounded channel targets may vary by one lead due to rounding.
A20: 5. Use this as the target baseline; enter actuals monthly in a separate performance tracker to measure achievement.

Sheet Sheet1
A1: Project / Retail Location | B1: Khar Santa | C1: Bandra West | D1: Bandra Bay | E1: Worli | F1: Lower Parel | G1: SOBO | H1: Versova | I1: Juhu | J1: TOTAL
A2: Sourcing Manager (SM) | B2: Varun J | C2: Varun J | D2: Dheeraj | E2: Dhara | F2: Dhara | G2: Dhara | H2: Mohit D | I2: Mohit D
A3: Sales Units Target | B3: 6 | C3: 6 | D3: 8 | E3: 4 | F3: 4 | G3: 4 | H3: 5 | I3: 4 | J3: =SUM(B3:I3) -> 41
A4: Approx. Ticket Size (₹) | B4: 150000000 | C4: 150000000 | D4: 250000000 | E4: 250000000 | F4: 250000000 | G4: 250000000 | H4: 200000000 | I4: 150000000 | J4: =SUM(B4:I4) -> 1650000000
A5: Total Sales Value (₹) | B5: =B3*B4 -> 900000000 | C5: =C3*C4 -> 900000000 | D5: =D3*D4 -> 2000000000 | E5: =E3*E4 -> 1000000000 | F5: =F3*F4 -> 1000000000 | G5: =G3*G4 -> 1000000000 | H5: =H3*H4 -> 1000000000 | I5: =I3*I4 -> 600000000 | J5: =SUM(B5:I5) -> 8400000000
A6: Revenue Target @ 2% (₹) | B6: =B5*2% -> 18000000 | C6: =C5*2% -> 18000000 | D6: =D5*2% -> 40000000 | E6: =E5*2% -> 20000000 | F6: =F5*2% -> 20000000 | G6: =G5*2% -> 20000000 | H6: =H5*2% -> 20000000 | I6: =I5*2% -> 12000000 | J6: =SUM(B6:I6) -> 168000000
A7: Walk-ins Target | B7: 40 | C7: 40 | D7: 53 | E7: 27 | F7: 27 | G7: 27 | H7: 33 | I7: 27 | J7: =SUM(B7:I7) -> 274
A8: Self-Generated / Reference Leads (20%) | B8: 8 | C8: 8 | D8: 11 | E8: 5 | F8: 5 | G8: 5 | H8: 7 | I8: 5 | J8: =SUM(B8:I8) -> 54
A9: Allocated Walk-in Leads (80%) | B9: 32 | C9: 32 | D9: 43 | E9: 21 | F9: 21 | G9: 21 | H9: 27 | I9: 21 | J9: =SUM(B9:I9) -> 218
A10: Qualified Leads Required | B10: 160 | C10: 160 | D10: 213 | E10: 107 | F10: 107 | G10: 107 | H10: 133 | I10: 107 | J10: 1094
A11: WhatsApp Leads (10%) | B11: =ROUND(B10*10%,0) -> 16 | C11: =ROUND(C10*10%,0) -> 16 | D11: =ROUND(D10*10%,0) -> 21 | E11: =ROUND(E10*10%,0) -> 11 | F11: =ROUND(F10*10%,0) -> 11 | G11: =ROUND(G10*10%,0) -> 11 | H11: =ROUND(H10*10%,0) -> 13 | I11: =ROUND(I10*10%,0) -> 11 | J11: =SUM(B11:I11) -> 110
A12: ConvoAI Leads (30%) | B12: =ROUND(B10*30%,0) -> 48 | C12: =ROUND(C10*30%,0) -> 48 | D12: =ROUND(D10*30%,0) -> 64 | E12: =ROUND(E10*30%,0) -> 32 | F12: =ROUND(F10*30%,0) -> 32 | G12: =ROUND(G10*30%,0) -> 32 | H12: =ROUND(H10*30%,0) -> 40 | I12: =ROUND(I10*30%,0) -> 32 | J12: =SUM(B12:I12) -> 328
A13: Digital Leads (60%) | B13: =B10-B11-B12 -> 96 | C13: =C10-C11-C12 -> 96 | D13: =D10-D11-D12 -> 128 | E13: =E10-E11-E12 -> 64 | F13: =F10-F11-F12 -> 64 | G13: =G10-G11-G12 -> 64 | H13: =H10-H11-H12 -> 80 | I13: =I10-I11-I12 -> 64 | J13: =SUM(B13:I13) -> 656
A14: Meta Leads (60% of Digital) | B14: =ROUND(B13*60%,0) -> 58 | C14: =ROUND(C13*60%,0) -> 58 | D14: =ROUND(D13*60%,0) -> 77 | E14: =ROUND(E13*60%,0) -> 38 | F14: =ROUND(F13*60%,0) -> 38 | G14: =ROUND(G13*60%,0) -> 38 | H14: =ROUND(H13*60%,0) -> 48 | I14: =ROUND(I13*60%,0) -> 38 | J14: =SUM(B14:I14) -> 393
A15: Website Leads (40% of Digital) | B15: =B13-B14 -> 38 | C15: =C13-C14 -> 38 | D15: =D13-D14 -> 51 | E15: =E13-E14 -> 26 | F15: =F13-F14 -> 26 | G15: =G13-G14 -> 26 | H15: =H13-H14 -> 32 | I15: =I13-I14 -> 26 | J15: =SUM(B15:I15) -> 263

Sheet Assumptions & Economics
A1: TARGET ASSUMPTIONS & UNIT ECONOMICS
A3: Metric | B3: Target / Assumption | C3: Basis | D3: Notes
A4: Sales units target | B4: ='Project Targets'!C13 -> 41 | C4: MVT.xlsx | D4: Total target units across all listed markets
A5: Sales value target (₹) | B5: ='Project Targets'!E13 -> 8400000000 | C5: Calculated | D5: Sum of project-wise sales values
A6: Revenue target @ 2% (₹) | B6: ='Project Targets'!F13 -> 168000000 | C6: MVT.xlsx | D6: Gross target revenue before taxes, sharing or adjustments
A7: Walk-ins target | B7: ='Project Targets'!G13 -> 274 | C7: MVT.xlsx | D7: Sum of project-wise walk-in targets
A8: Qualified leads required | B8: ='Project Targets'!J13 -> 1094 | C8: MVT.xlsx | D8: Sum of project-wise qualified lead targets
A9: WhatsApp leads target | B9: ='Project Targets'!K13 -> 110 | C9: 10% mix | D9: Rounded at project level
A10: ConvoAI leads target | B10: ='Project Targets'!L13 -> 328 | C10: 30% mix | D10: Rounded at project level
A11: Digital leads target | B11: ='Project Targets'!M13 -> 656 | C11: 60% mix | D11: Digital is residual after WhatsApp and ConvoAI to preserve lead total
A12: Meta leads target | B12: ='Project Targets'!N13 -> 393 | C12: 60% of Digital | D12: Rounded at project level
A13: Website leads target | B13: ='Project Targets'!O13 -> 263 | C13: 40% of Digital | D13: Website is residual after Meta to preserve digital total
A14: Average ticket size (₹) | B14: See project-wise ticket sizes | C14: MVT.xlsx | D14: Approximate project ticket sizes vary from ₹15 crore to ₹25 crore

Sheet SM Summary
A1: LIGHTHOUSE LUXURY | SOURCING MANAGER TARGET SUMMARY
A3: Sourcing Manager | B3: Projects / Markets | C3: Sales Units Target | D3: Sales Value Target (₹) | E3: Revenue Target @ 2% (₹) | F3: Walk-ins Target | G3: Qualified Leads Target
A4: Varun J | B4: Khar Santa, Bandra West | C4: 12 | D4: 1800000000 | E4: 36000000 | F4: 80 | G4: 320
A5: Dheeraj | B5: Bandra Bay | C5: 8 | D5: 2000000000 | E5: 40000000 | F5: 53 | G5: 213
A6: Dhara | B6: Worli, Lower Parel, SOBO | C6: 12 | D6: 3000000000 | E6: 60000000 | F6: 81 | G6: 321
A7: Mohit D | B7: Versova, Juhu | C7: 9 | D7: 1450000000 | E7: 29000000 | F7: 60 | G7: 240
A8: TOTAL | C8: =SUM(C4:C7) -> 41 | D8: =SUM(D4:D7) -> 8250000000 | E8: =SUM(E4:E7) -> 165000000 | F8: =SUM(F4:F7) -> 274 | G8: =SUM(G4:G7) -> 1094
